<?xml version="1.0" encoding="UTF-8"?>
<!DOCTYPE generatorConfiguration
        PUBLIC "-//mybatis.org//DTD MyBatis Generator Configuration 1.0//EN"
        "http://mybatis.org/dtd/mybatis-generator-config_1_0.dtd">

<!-- 配置生成器 -->
<generatorConfiguration>
    <!--数据库驱动jar -->
    <classPathEntry
            location="C:\c\mysql-connector-java-5.1.38.jar" />

    <context id="MyBatis" targetRuntime="MyBatis3">

        <!--去除注释 -->
        <commentGenerator>
            <property name="suppressAllComments" value="true" />
        </commentGenerator>

        <!--数据库连接 -->
        <jdbcConnection driverClass="com.mysql.jdbc.Driver"
                        connectionURL="jdbc:mysql://localhost:3306/smarthome"
                        userId="root"
                        password="123456">
        </jdbcConnection>

        <!--生成实体类 指定包名 以及生成的地址 （可以自定义地址，但是路径不存在不会自动创建
        使用Maven生成在target目录下，会自动创建） -->
        <javaModelGenerator targetPackage="com.itqf.pojo"
                            targetProject="C:/Users/Dawn/Desktop/Smart_Home-master\src\main\java">
            <property name="trimStrings" value="true" />

        </javaModelGenerator>


        <!--生成SQLmapper文件 -->
        <sqlMapGenerator targetPackage="mapper"
                         targetProject="C:/Users/Dawn/Desktop/Smart_Home-master\src\main\resources">
        </sqlMapGenerator>
        <!--生成Dao文件,生成接口 -->
        <javaClientGenerator type="XMLMAPPER"
                             targetPackage="com.itqf.mapper"
                             targetProject="C:/Users/Dawn/Desktop/Smart_Home-master\src\main\java">
        </javaClientGenerator>


        <table tableName="equipments" enableCountByExample="false"
               enableUpdateByExample="false" enableDeleteByExample="false"
               enableSelectByExample="false" selectByExampleQueryId="false">
        </table>


    </context>
</generatorConfiguration>