<?xml version="1.0" encoding="UTF-8"?>
<beans xmlns="http://www.springframework.org/schema/beans"
       xmlns:xsi="http://www.w3.org/2001/XMLSchema-instance"
       xmlns:p="http://www.springframework.org/schema/p"
       xmlns:aop="http://www.springframework.org/schema/aop"
       xmlns:tx="http://www.springframework.org/schema/tx"
       xmlns:mvc="http://www.springframework.org/schema/mvc"
       xmlns:context="http://www.springframework.org/schema/context"

       xsi:schemaLocation="http://www.springframework.org/schema/beans
                           http://www.springframework.org/schema/beans/spring-beans.xsd
http://www.springframework.org/schema/context
                           http://www.springframework.org/schema/context/spring-context.xsd
http://www.springframework.org/schema/aop
                           http://www.springframework.org/schema/aop/spring-aop.xsd
http://www.springframework.org/schema/mvc
                           http://www.springframework.org/schema/mvc/spring-mvc.xsd
                           http://www.springframework.org/schema/tx
                           http://www.springframework.org/schema/tx/spring-tx.xsd
">

    <context:component-scan base-package="com.itqf.service"></context:component-scan>

    <!--2.创建视图解析器-->
    <bean class="org.springframework.web.servlet.view.InternalResourceViewResolver">
        <property name="suffix" value=".jsp"></property>
        <property name="prefix" value="/"></property>
    </bean>
    <!--3.指定连接数据库的信息-->
    <context:property-placeholder location="classpath:db.properties"></context:property-placeholder>
    <bean id="db" class="com.alibaba.druid.pool.DruidDataSource">
        <property name="driverClassName" value="${driver}"/>
        <property name="username" value="${uname}"/>
        <property name="password" value="${password}"/>
        <property name="url" value="${url}"/>
    </bean>
    <!--4.创建session工厂-->
    <bean id="fac" class="org.mybatis.spring.SqlSessionFactoryBean">
        <property name="dataSource" ref="db"></property>
        <property name="mapperLocations" value="classpath:mapper/*.xml"></property>
        <property name="configLocation" value="classpath:mybatis-config.xml"></property>
    </bean>
    <!--5.省略dao层实现类的代码-->
    <bean class="org.mybatis.spring.mapper.MapperScannerConfigurer">
        <property name="basePackage" value="com.itqf.mapper"></property>
        <property name="sqlSessionFactoryBeanName" value="fac"></property>
    </bean>

    <!--7.事务管理-->
    <bean id="mytx" class="org.springframework.jdbc.datasource.DataSourceTransactionManager">
        <property name="dataSource" ref="db"></property>
    </bean>
    <tx:annotation-driven transaction-manager="mytx"></tx:annotation-driven>
</beans>