<?xml version="1.0" encoding="UTF-8"?>
<!DOCTYPE mapper PUBLIC "-//mybatis.org//DTD Mapper 3.0//EN" "http://mybatis.org/dtd/mybatis-3-mapper.dtd">
<mapper namespace="com.itqf.mapper.EquipmentsMapper">
  <resultMap id="BaseResultMap" type="com.itqf.pojo.Equipments">
    <id column="equid" jdbcType="INTEGER" property="equid" />
    <result column="type" jdbcType="VARCHAR" property="type" />
    <result column="equname" jdbcType="VARCHAR" property="equname" />
    <result column="equimg" jdbcType="VARCHAR" property="equimg" />
    <result column=" status" jdbcType="INTEGER" property="status" />
    <result column="temperature" jdbcType="INTEGER" property="temperature" />
  </resultMap>
  <sql id="Base_Column_List">
    equid, type, equname, equimg, " status", temperature
  </sql>

  <select id="findall"  resultMap="BaseResultMap">
    select
   *
    from equipments

  </select>

  <select id="findequipbyid" parameterType="java.lang.Integer" resultMap="BaseResultMap">
   select e.equid ,e.type ,e.equname,e.equimg,e.` status`,e.temperature
from room r,equipmentsid_quipid q,equipments e
where r.equipmentsid=q.equipmentsid and q.quipid=e.equid
and r.roomid = #{equid,jdbcType=INTEGER} ;

  </select>


  <select id="selectByPrimaryKey" parameterType="java.lang.Integer" resultMap="BaseResultMap">
    select 
    <include refid="Base_Column_List" />
    from equipments
    where equid = #{equid,jdbcType=INTEGER}
  </select>
  <delete id="deleteByPrimaryKey" parameterType="java.lang.Integer">
    delete from equipments
    where equid = #{equid,jdbcType=INTEGER}
  </delete>
  <insert id="insert" parameterType="com.itqf.pojo.Equipments">
    insert into equipments (equid, type, equname, 
      equimg, " status", temperature
      )
    values (#{equid,jdbcType=INTEGER}, #{type,jdbcType=VARCHAR}, #{equname,jdbcType=VARCHAR}, 
      #{equimg,jdbcType=VARCHAR}, #{status,jdbcType=INTEGER}, #{temperature,jdbcType=INTEGER}
      )
  </insert>
  <insert id="insertSelective" parameterType="com.itqf.pojo.Equipments">
    insert into equipments
    <trim prefix="(" suffix=")" suffixOverrides=",">
      <if test="equid != null">
        equid,
      </if>
      <if test="type != null">
        type,
      </if>
      <if test="equname != null">
        equname,
      </if>
      <if test="equimg != null">
        equimg,
      </if>
      <if test="status != null">
        " status",
      </if>
      <if test="temperature != null">
        temperature,
      </if>
    </trim>
    <trim prefix="values (" suffix=")" suffixOverrides=",">
      <if test="equid != null">
        #{equid,jdbcType=INTEGER},
      </if>
      <if test="type != null">
        #{type,jdbcType=VARCHAR},
      </if>
      <if test="equname != null">
        #{equname,jdbcType=VARCHAR},
      </if>
      <if test="equimg != null">
        #{equimg,jdbcType=VARCHAR},
      </if>
      <if test="status != null">
        #{status,jdbcType=INTEGER},
      </if>
      <if test="temperature != null">
        #{temperature,jdbcType=INTEGER},
      </if>
    </trim>
  </insert>
  <update id="updateByPrimaryKeySelective" parameterType="com.itqf.pojo.Equipments">
    update equipments
    <set>
      <if test="type != null">
        type = #{type,jdbcType=VARCHAR},
      </if>
      <if test="equname != null">
        equname = #{equname,jdbcType=VARCHAR},
      </if>
      <if test="equimg != null">
        equimg = #{equimg,jdbcType=VARCHAR},
      </if>
      <if test="status != null">
        " status" = #{status,jdbcType=INTEGER},
      </if>
      <if test="temperature != null">
        temperature = #{temperature,jdbcType=INTEGER},
      </if>
    </set>
    where equid = #{equid,jdbcType=INTEGER}
  </update>
  <update id="updateByPrimaryKey" parameterType="com.itqf.pojo.Equipments">
    update equipments
    set type = #{type,jdbcType=VARCHAR},
      equname = #{equname,jdbcType=VARCHAR},
      equimg = #{equimg,jdbcType=VARCHAR},
      " status" = #{status,jdbcType=INTEGER},
      temperature = #{temperature,jdbcType=INTEGER}
    where equid = #{equid,jdbcType=INTEGER}
  </update>
</mapper>