<?xml version="1.0" encoding="UTF-8"?>
<!DOCTYPE mapper PUBLIC "-//mybatis.org//DTD Mapper 3.0//EN" "http://mybatis.org/dtd/mybatis-3-mapper.dtd">
<mapper namespace="com.itqf.mapper.FeedbackMapper">
  <resultMap id="BaseResultMap" type="com.itqf.pojo.Feedback">
    <id column="id" jdbcType="INTEGER" property="id" />
    <result column="phone" jdbcType="VARCHAR" property="phone" />
    <result column="content" jdbcType="VARCHAR" property="content" />
  </resultMap>
  <sql id="Base_Column_List">
    id, phone, content
  </sql>
  <select id="selectByPrimaryKey" parameterType="java.lang.Integer" resultMap="BaseResultMap">
    select 
    <include refid="Base_Column_List" />
    from feedback
    where id = #{id,jdbcType=INTEGER}
  </select>
  <delete id="deleteByPrimaryKey" parameterType="java.lang.Integer">
    delete from feedback
    where id = #{id,jdbcType=INTEGER}
  </delete>
  <insert id="insert" parameterType="com.itqf.pojo.Feedback">
    insert into feedback (id, phone, content
      )
    values (#{id,jdbcType=INTEGER}, #{phone,jdbcType=VARCHAR}, #{content,jdbcType=VARCHAR}
      )
  </insert>
  <insert id="insertSelective" parameterType="com.itqf.pojo.Feedback">
    insert into feedback
    <trim prefix="(" suffix=")" suffixOverrides=",">
      <if test="id != null">
        id,
      </if>
      <if test="phone != null">
        phone,
      </if>
      <if test="content != null">
        content,
      </if>
    </trim>
    <trim prefix="values (" suffix=")" suffixOverrides=",">
      <if test="id != null">
        #{id,jdbcType=INTEGER},
      </if>
      <if test="phone != null">
        #{phone,jdbcType=VARCHAR},
      </if>
      <if test="content != null">
        #{content,jdbcType=VARCHAR},
      </if>
    </trim>
  </insert>
  <update id="updateByPrimaryKeySelective" parameterType="com.itqf.pojo.Feedback">
    update feedback
    <set>
      <if test="phone != null">
        phone = #{phone,jdbcType=VARCHAR},
      </if>
      <if test="content != null">
        content = #{content,jdbcType=VARCHAR},
      </if>
    </set>
    where id = #{id,jdbcType=INTEGER}
  </update>
  <update id="updateByPrimaryKey" parameterType="com.itqf.pojo.Feedback">
    update feedback
    set phone = #{phone,jdbcType=VARCHAR},
      content = #{content,jdbcType=VARCHAR}
    where id = #{id,jdbcType=INTEGER}
  </update>
</mapper>