<?xml version="1.0" encoding="UTF-8"?>
<!DOCTYPE mapper PUBLIC "-//mybatis.org//DTD Mapper 3.0//EN" "http://mybatis.org/dtd/mybatis-3-mapper.dtd">
<mapper namespace="com.itqf.mapper.RobotMapper">
  <resultMap id="BaseResultMap" type="com.itqf.pojo.Robot">
    <id column="robotid" jdbcType="INTEGER" property="robotid" />
    <result column="aiimg" jdbcType="VARCHAR" property="aiimg" />
    <result column="status" jdbcType="VARCHAR" property="status" />
  </resultMap>
  <sql id="Base_Column_List">
    robotid, aiimg, status
  </sql>
  <select id="selectByPrimaryKey" parameterType="java.lang.Integer" resultMap="BaseResultMap">
    select 
    <include refid="Base_Column_List" />
    from robot
    where robotid = #{robotid,jdbcType=INTEGER}
  </select>
  <delete id="deleteByPrimaryKey" parameterType="java.lang.Integer">
    delete from robot
    where robotid = #{robotid,jdbcType=INTEGER}
  </delete>
  <insert id="insert" parameterType="com.itqf.pojo.Robot">
    insert into robot (robotid, aiimg, status
      )
    values (#{robotid,jdbcType=INTEGER}, #{aiimg,jdbcType=VARCHAR}, #{status,jdbcType=VARCHAR}
      )
  </insert>
  <insert id="insertSelective" parameterType="com.itqf.pojo.Robot">
    insert into robot
    <trim prefix="(" suffix=")" suffixOverrides=",">
      <if test="robotid != null">
        robotid,
      </if>
      <if test="aiimg != null">
        aiimg,
      </if>
      <if test="status != null">
        status,
      </if>
    </trim>
    <trim prefix="values (" suffix=")" suffixOverrides=",">
      <if test="robotid != null">
        #{robotid,jdbcType=INTEGER},
      </if>
      <if test="aiimg != null">
        #{aiimg,jdbcType=VARCHAR},
      </if>
      <if test="status != null">
        #{status,jdbcType=VARCHAR},
      </if>
    </trim>
  </insert>
  <update id="updateByPrimaryKeySelective" parameterType="com.itqf.pojo.Robot">
    update robot
    <set>
      <if test="aiimg != null">
        aiimg = #{aiimg,jdbcType=VARCHAR},
      </if>
      <if test="status != null">
        status = #{status,jdbcType=VARCHAR},
      </if>
    </set>
    where robotid = #{robotid,jdbcType=INTEGER}
  </update>
  <update id="updateByPrimaryKey" parameterType="com.itqf.pojo.Robot">
    update robot
    set aiimg = #{aiimg,jdbcType=VARCHAR},
      status = #{status,jdbcType=VARCHAR}
    where robotid = #{robotid,jdbcType=INTEGER}
  </update>
</mapper>