<?xml version="1.0" encoding="UTF-8"?>
<!DOCTYPE mapper PUBLIC "-//mybatis.org//DTD Mapper 3.0//EN" "http://mybatis.org/dtd/mybatis-3-mapper.dtd">
<mapper namespace="com.itqf.mapper.RoomMapper">
  <resultMap id="BaseResultMap" type="com.itqf.pojo.Room">
    <id column="roomid" jdbcType="INTEGER" property="roomid" />
    <result column="light" jdbcType="INTEGER" property="light" />
    <result column="temperature" jdbcType="INTEGER" property="temperature" />
    <result column="humidity" jdbcType="INTEGER" property="humidity" />
    <result column="roomimg" jdbcType="VARCHAR" property="roomimg" />
    <result column="status" jdbcType="INTEGER" property="status" />
    <result column="roomname" jdbcType="VARCHAR" property="roomname" />
    <result column="equipmentsid" jdbcType="INTEGER" property="equipmentsid" />
  </resultMap>
  <sql id="Base_Column_List">
    roomid, light, temperature, humidity, roomimg, status, roomname, equipmentsid
  </sql>

  <select id="findall"  resultMap="BaseResultMap">
    select
   roomid,roomimg,status
    from room

  </select>

  <select id="findnamebyid" parameterType="java.lang.Integer" resultType="java.lang.String">
    select
   roomname
    from room  where roomid= #{roomid,jdbcType=INTEGER}

  </select>




  <select id="selectByPrimaryKey" parameterType="java.lang.Integer" resultMap="BaseResultMap">
    select 
    <include refid="Base_Column_List" />
    from room
    where roomid = #{roomid,jdbcType=INTEGER}
  </select>
  <delete id="deleteByPrimaryKey" parameterType="java.lang.Integer">
    delete from room
    where roomid = #{roomid,jdbcType=INTEGER}
  </delete>
  <insert id="insert" parameterType="com.itqf.pojo.Room">
    insert into room (roomid, light, temperature, 
      humidity, roomimg, status, 
      roomname, equipmentsid)
    values (#{roomid,jdbcType=INTEGER}, #{light,jdbcType=INTEGER}, #{temperature,jdbcType=INTEGER}, 
      #{humidity,jdbcType=INTEGER}, #{roomimg,jdbcType=VARCHAR}, #{status,jdbcType=INTEGER}, 
      #{roomname,jdbcType=VARCHAR}, #{equipmentsid,jdbcType=INTEGER})
  </insert>
  <insert id="insertSelective" parameterType="com.itqf.pojo.Room">
    insert into room
    <trim prefix="(" suffix=")" suffixOverrides=",">
      <if test="roomid != null">
        roomid,
      </if>
      <if test="light != null">
        light,
      </if>
      <if test="temperature != null">
        temperature,
      </if>
      <if test="humidity != null">
        humidity,
      </if>
      <if test="roomimg != null">
        roomimg,
      </if>
      <if test="status != null">
        status,
      </if>
      <if test="roomname != null">
        roomname,
      </if>
      <if test="equipmentsid != null">
        equipmentsid,
      </if>
    </trim>
    <trim prefix="values (" suffix=")" suffixOverrides=",">
      <if test="roomid != null">
        #{roomid,jdbcType=INTEGER},
      </if>
      <if test="light != null">
        #{light,jdbcType=INTEGER},
      </if>
      <if test="temperature != null">
        #{temperature,jdbcType=INTEGER},
      </if>
      <if test="humidity != null">
        #{humidity,jdbcType=INTEGER},
      </if>
      <if test="roomimg != null">
        #{roomimg,jdbcType=VARCHAR},
      </if>
      <if test="status != null">
        #{status,jdbcType=INTEGER},
      </if>
      <if test="roomname != null">
        #{roomname,jdbcType=VARCHAR},
      </if>
      <if test="equipmentsid != null">
        #{equipmentsid,jdbcType=INTEGER},
      </if>
    </trim>
  </insert>
  <update id="updateByPrimaryKeySelective" parameterType="com.itqf.pojo.Room">
    update room
    <set>
      <if test="light != null">
        light = #{light,jdbcType=INTEGER},
      </if>
      <if test="temperature != null">
        temperature = #{temperature,jdbcType=INTEGER},
      </if>
      <if test="humidity != null">
        humidity = #{humidity,jdbcType=INTEGER},
      </if>
      <if test="roomimg != null">
        roomimg = #{roomimg,jdbcType=VARCHAR},
      </if>
      <if test="status != null">
        status = #{status,jdbcType=INTEGER},
      </if>
      <if test="roomname != null">
        roomname = #{roomname,jdbcType=VARCHAR},
      </if>
      <if test="equipmentsid != null">
        equipmentsid = #{equipmentsid,jdbcType=INTEGER},
      </if>
    </set>
    where roomid = #{roomid,jdbcType=INTEGER}
  </update>
  <update id="updateByPrimaryKey" parameterType="com.itqf.pojo.Room">
    update room
    set light = #{light,jdbcType=INTEGER},
      temperature = #{temperature,jdbcType=INTEGER},
      humidity = #{humidity,jdbcType=INTEGER},
      roomimg = #{roomimg,jdbcType=VARCHAR},
      status = #{status,jdbcType=INTEGER},
      roomname = #{roomname,jdbcType=VARCHAR},
      equipmentsid = #{equipmentsid,jdbcType=INTEGER}
    where roomid = #{roomid,jdbcType=INTEGER}
  </update>
</mapper>