<?xml version="1.0" encoding="UTF-8"?>
<!DOCTYPE mapper PUBLIC "-//mybatis.org//DTD Mapper 3.0//EN" "http://mybatis.org/dtd/mybatis-3-mapper.dtd">
<mapper namespace="com.itqf.mapper.SocketMapper">
  <resultMap id="BaseResultMap" type="com.itqf.pojo.Socket">
    <id column="socketid" jdbcType="INTEGER" property="socketid" />
    <result column="socketimg" jdbcType="VARCHAR" property="socketimg" />
    <result column="status" jdbcType="VARCHAR" property="status" />
  </resultMap>
  <sql id="Base_Column_List">
    socketid, socketimg, status
  </sql>
  <select id="selectByPrimaryKey" parameterType="java.lang.Integer" resultMap="BaseResultMap">
    select 
    <include refid="Base_Column_List" />
    from socket
    where socketid = #{socketid,jdbcType=INTEGER}
  </select>
  <delete id="deleteByPrimaryKey" parameterType="java.lang.Integer">
    delete from socket
    where socketid = #{socketid,jdbcType=INTEGER}
  </delete>
  <insert id="insert" parameterType="com.itqf.pojo.Socket">
    insert into socket (socketid, socketimg, status
      )
    values (#{socketid,jdbcType=INTEGER}, #{socketimg,jdbcType=VARCHAR}, #{status,jdbcType=VARCHAR}
      )
  </insert>
  <insert id="insertSelective" parameterType="com.itqf.pojo.Socket">
    insert into socket
    <trim prefix="(" suffix=")" suffixOverrides=",">
      <if test="socketid != null">
        socketid,
      </if>
      <if test="socketimg != null">
        socketimg,
      </if>
      <if test="status != null">
        status,
      </if>
    </trim>
    <trim prefix="values (" suffix=")" suffixOverrides=",">
      <if test="socketid != null">
        #{socketid,jdbcType=INTEGER},
      </if>
      <if test="socketimg != null">
        #{socketimg,jdbcType=VARCHAR},
      </if>
      <if test="status != null">
        #{status,jdbcType=VARCHAR},
      </if>
    </trim>
  </insert>
  <update id="updateByPrimaryKeySelective" parameterType="com.itqf.pojo.Socket">
    update socket
    <set>
      <if test="socketimg != null">
        socketimg = #{socketimg,jdbcType=VARCHAR},
      </if>
      <if test="status != null">
        status = #{status,jdbcType=VARCHAR},
      </if>
    </set>
    where socketid = #{socketid,jdbcType=INTEGER}
  </update>
  <update id="updateByPrimaryKey" parameterType="com.itqf.pojo.Socket">
    update socket
    set socketimg = #{socketimg,jdbcType=VARCHAR},
      status = #{status,jdbcType=VARCHAR}
    where socketid = #{socketid,jdbcType=INTEGER}
  </update>
</mapper>