<?xml version="1.0" encoding="UTF-8"?>
<!DOCTYPE mapper PUBLIC "-//mybatis.org//DTD Mapper 3.0//EN" "http://mybatis.org/dtd/mybatis-3-mapper.dtd">
<mapper namespace="com.itqf.mapper.TablelampMapper">
  <resultMap id="BaseResultMap" type="com.itqf.pojo.Tablelamp">
    <id column="tablelampid" jdbcType="INTEGER" property="tablelampid" />
    <result column="name" jdbcType="VARCHAR" property="name" />
    <result column="temperature" jdbcType="INTEGER" property="temperature" />
    <result column="state" jdbcType="INTEGER" property="state" />
    <result column="lightness" jdbcType="INTEGER" property="lightness" />
    <result column="url" jdbcType="VARCHAR" property="url" />
    <result column="electricity" jdbcType="INTEGER" property="electricity" />
    <result column="hour" jdbcType="INTEGER" property="hour" />
  </resultMap>
  <sql id="Example_Where_Clause">
    <where>
      <foreach collection="oredCriteria" item="criteria" separator="or">
        <if test="criteria.valid">
          <trim prefix="(" prefixOverrides="and" suffix=")">
            <foreach collection="criteria.criteria" item="criterion">
              <choose>
                <when test="criterion.noValue">
                  and ${criterion.condition}
                </when>
                <when test="criterion.singleValue">
                  and ${criterion.condition} #{criterion.value}
                </when>
                <when test="criterion.betweenValue">
                  and ${criterion.condition} #{criterion.value} and #{criterion.secondValue}
                </when>
                <when test="criterion.listValue">
                  and ${criterion.condition}
                  <foreach close=")" collection="criterion.value" item="listItem" open="(" separator=",">
                    #{listItem}
                  </foreach>
                </when>
              </choose>
            </foreach>
          </trim>
        </if>
      </foreach>
    </where>
  </sql>
  <sql id="Base_Column_List">
    tablelampid, name, temperature, state, lightness, url, electricity, hour
  </sql>

  <select id="findall"  resultMap="BaseResultMap">
    select
   *
    from tablelamp

  </select>


  <select id="selectByPrimaryKey" parameterType="java.lang.Integer" resultMap="BaseResultMap">
    select 
    <include refid="Base_Column_List" />
    from tablelamp
    where tablelampid = #{tablelampid,jdbcType=INTEGER}
  </select>
  <delete id="deleteByPrimaryKey" parameterType="java.lang.Integer">
    delete from tablelamp
    where tablelampid = #{tablelampid,jdbcType=INTEGER}
  </delete>
  <insert id="insert" parameterType="com.itqf.pojo.Tablelamp">
    insert into tablelamp (tablelampid, name, temperature, 
      state, lightness, url, 
      electricity, hour)
    values (#{tablelampid,jdbcType=INTEGER}, #{name,jdbcType=VARCHAR}, #{temperature,jdbcType=INTEGER}, 
      #{state,jdbcType=INTEGER}, #{lightness,jdbcType=INTEGER}, #{url,jdbcType=VARCHAR}, 
      #{electricity,jdbcType=INTEGER}, #{hour,jdbcType=INTEGER})
  </insert>
  <insert id="insertSelective" parameterType="com.itqf.pojo.Tablelamp">
    insert into tablelamp
    <trim prefix="(" suffix=")" suffixOverrides=",">
      <if test="tablelampid != null">
        tablelampid,
      </if>
      <if test="name != null">
        name,
      </if>
      <if test="temperature != null">
        temperature,
      </if>
      <if test="state != null">
        state,
      </if>
      <if test="lightness != null">
        lightness,
      </if>
      <if test="url != null">
        url,
      </if>
      <if test="electricity != null">
        electricity,
      </if>
      <if test="hour != null">
        hour,
      </if>
    </trim>
    <trim prefix="values (" suffix=")" suffixOverrides=",">
      <if test="tablelampid != null">
        #{tablelampid,jdbcType=INTEGER},
      </if>
      <if test="name != null">
        #{name,jdbcType=VARCHAR},
      </if>
      <if test="temperature != null">
        #{temperature,jdbcType=INTEGER},
      </if>
      <if test="state != null">
        #{state,jdbcType=INTEGER},
      </if>
      <if test="lightness != null">
        #{lightness,jdbcType=INTEGER},
      </if>
      <if test="url != null">
        #{url,jdbcType=VARCHAR},
      </if>
      <if test="electricity != null">
        #{electricity,jdbcType=INTEGER},
      </if>
      <if test="hour != null">
        #{hour,jdbcType=INTEGER},
      </if>
    </trim>
  </insert>
  <update id="updateByPrimaryKeySelective" parameterType="com.itqf.pojo.Tablelamp">
    update tablelamp
    <set>
      <if test="name != null">
        name = #{name,jdbcType=VARCHAR},
      </if>
      <if test="temperature != null">
        temperature = #{temperature,jdbcType=INTEGER},
      </if>
      <if test="state != null">
        state = #{state,jdbcType=INTEGER},
      </if>
      <if test="lightness != null">
        lightness = #{lightness,jdbcType=INTEGER},
      </if>
      <if test="url != null">
        url = #{url,jdbcType=VARCHAR},
      </if>
      <if test="electricity != null">
        electricity = #{electricity,jdbcType=INTEGER},
      </if>
      <if test="hour != null">
        hour = #{hour,jdbcType=INTEGER},
      </if>
    </set>
    where tablelampid = #{tablelampid,jdbcType=INTEGER}
  </update>
  <update id="updateByPrimaryKey" parameterType="com.itqf.pojo.Tablelamp">
    update tablelamp
    set name = #{name,jdbcType=VARCHAR},
      temperature = #{temperature,jdbcType=INTEGER},
      state = #{state,jdbcType=INTEGER},
      lightness = #{lightness,jdbcType=INTEGER},
      url = #{url,jdbcType=VARCHAR},
      electricity = #{electricity,jdbcType=INTEGER},
      hour = #{hour,jdbcType=INTEGER}
    where tablelampid = #{tablelampid,jdbcType=INTEGER}
  </update>
</mapper>