<?xml version="1.0" encoding="UTF-8"?>
<!DOCTYPE mapper PUBLIC "-//mybatis.org//DTD Mapper 3.0//EN" "http://mybatis.org/dtd/mybatis-3-mapper.dtd">
<mapper namespace="com.itqf.mapper.UserMapper">
  <resultMap id="BaseResultMap" type="com.itqf.pojo.User">
    <id column="userid" jdbcType="INTEGER" property="userid" />
    <result column="Nickname" jdbcType="VARCHAR" property="nickname" />
    <result column="phone" jdbcType="VARCHAR" property="phone" />
    <result column="photo" jdbcType="VARCHAR" property="photo" />
    <result column="eqnumber" jdbcType="INTEGER" property="eqnumber" />
    <result column="password" jdbcType="VARCHAR" property="password" />
  </resultMap>
  <sql id="Base_Column_List">
    userid, Nickname, phone, photo, eqnumber, password
  </sql>

  <select id="selectByPhone" parameterType="java.lang.String" resultMap="BaseResultMap">
    select
    <include refid="Base_Column_List" />
    from user
    where phone = #{phone,jdbcType=VARCHAR}
  </select>

  <select id="selectByPhonePassword" parameterType="java.lang.String" resultMap="BaseResultMap">
    select
    <include refid="Base_Column_List" />
    from user
    where phone = #{0} and password =#{1}
  </select>





  <select id="selectByPrimaryKey" parameterType="java.lang.Integer" resultMap="BaseResultMap">
    select 
    <include refid="Base_Column_List" />
    from user
    where userid = #{userid,jdbcType=INTEGER}
  </select>
  <delete id="deleteByPrimaryKey" parameterType="java.lang.Integer">
    delete from user
    where userid = #{userid,jdbcType=INTEGER}
  </delete>
  <insert id="insert" parameterType="com.itqf.pojo.User">
    insert into user (userid, Nickname, phone, 
      photo, eqnumber, password
      )
    values (#{userid,jdbcType=INTEGER}, #{nickname,jdbcType=VARCHAR}, #{phone,jdbcType=VARCHAR}, 
      #{photo,jdbcType=VARCHAR}, #{eqnumber,jdbcType=INTEGER}, #{password,jdbcType=VARCHAR}
      )
  </insert>
  <insert id="insertSelective" parameterType="com.itqf.pojo.User">
    insert into user
    <trim prefix="(" suffix=")" suffixOverrides=",">
      <if test="userid != null">
        userid,
      </if>
      <if test="nickname != null">
        Nickname,
      </if>
      <if test="phone != null">
        phone,
      </if>
      <if test="photo != null">
        photo,
      </if>
      <if test="eqnumber != null">
        eqnumber,
      </if>
      <if test="password != null">
        password,
      </if>
    </trim>
    <trim prefix="values (" suffix=")" suffixOverrides=",">
      <if test="userid != null">
        #{userid,jdbcType=INTEGER},
      </if>
      <if test="nickname != null">
        #{nickname,jdbcType=VARCHAR},
      </if>
      <if test="phone != null">
        #{phone,jdbcType=VARCHAR},
      </if>
      <if test="photo != null">
        #{photo,jdbcType=VARCHAR},
      </if>
      <if test="eqnumber != null">
        #{eqnumber,jdbcType=INTEGER},
      </if>
      <if test="password != null">
        #{password,jdbcType=VARCHAR},
      </if>
    </trim>
  </insert>
  <update id="updateByPrimaryKeySelective" parameterType="com.itqf.pojo.User">
    update user
    <set>
      <if test="nickname != null">
        Nickname = #{nickname,jdbcType=VARCHAR},
      </if>
      <if test="phone != null">
        phone = #{phone,jdbcType=VARCHAR},
      </if>
      <if test="photo != null">
        photo = #{photo,jdbcType=VARCHAR},
      </if>
      <if test="eqnumber != null">
        eqnumber = #{eqnumber,jdbcType=INTEGER},
      </if>
      <if test="password != null">
        password = #{password,jdbcType=VARCHAR},
      </if>
    </set>
    where userid = #{userid,jdbcType=INTEGER}
  </update>
  <update id="updateByPrimaryKey" parameterType="com.itqf.pojo.User">
    update user
    set Nickname = #{nickname,jdbcType=VARCHAR},
      phone = #{phone,jdbcType=VARCHAR},
      photo = #{photo,jdbcType=VARCHAR},
      eqnumber = #{eqnumber,jdbcType=INTEGER},
      password = #{password,jdbcType=VARCHAR}
    where userid = #{userid,jdbcType=INTEGER}
  </update>
</mapper>